item_id,group,name,tags
B075X4QMW7,sofa,Eva Tufted Velvet Sofa,living-room mid-century velvet
B07B4N29DG,sofa,Frederick Channel-Tufted Velvet Sofa,living-room mid-century velvet
B082VMZGDG,sofa,Alonzo Velvet Loveseat,living-room modern velvet
B082VLYQWX,sofa,Westview Extra-Deep Leather Sofa,living-room modern leather
B07JW72ZQ8,sofa,Thomas Leather Sofa,living-room modern leather
B07P5LN16X,sofa,Sloane Tufted Leather Loveseat,living-room mid-century leather
B07HZ8J1VF,sofa,Fischer Queen Sleeper Sofa,living-room bedroom leather
B07QFP4ZN5,sofa,Hillman Sofa with Wood Base,living-room mid-century wood
B07CB54MM3,sofa,Bradbury Chesterfield Sofa,living-room modern
B07B4MHTM6,sofa,Brandeberry Farmhouse Sofa,living-room rustic
B075X4N3GM,chair,Aiden Mid-Century Velvet Armchair,living-room mid-century velvet
B07P7NVGWX,chair,Lauren Oversized Down-Filled Armchair,living-room bedroom modern
B07MFXP3X9,chair,Classic Tufted Chaise Lounge,living-room bedroom
B07B4MD55M,chair,Edmunds Leather Recliner,living-room leather
B07QDL43KZ,chair,Hardwood Rocking Chair,living-room modern wood
B075X4N3J5,chair,Villain Leather Lounge Chair,living-room mid-century leather metal
B082BL4G1J,chair,Bertha Velvet Swivel Office Chair,office mid-century velvet
B07BZNXCWX,chair,Contemporary Leather Office Chair,office modern leather
B075YNJQLB,chair,Curved-Back Dining Chairs (Set of 2),dining mid-century wood
B084T7TZDG,chair,Classic Wishbone Dining Chair,dining modern wood
B07B7B6W64,chair,Allie Velvet Dining Chair,dining velvet metal
B07QFRSLZB,chair,Channel-Back Dining Chairs (Set of 2),dining modern
B07B4G5SY7,ottoman,Cliff Round Velvet Pouf,living-room mid-century velvet
B075X61WKJ,ottoman,Norah Round Leather Ottoman,living-room leather wood
B07P5LLX43,ottoman,Lauren Oversized Ottoman,living-room bedroom
B07QJ1X2J4,ottoman,Haraden Button-Tufted Bench,bedroom modern
B07TYTR16H,ottoman,Malida Swivel Counter Stool,dining mid-century
B075YMN1VY,ottoman,Burke Wood Counter Stool,dining modern wood
B075ZBVZPB,table,Larson Wood and Metal Coffee Table,living-room rustic wood metal
B07HSG8DPR,table,Industrial Round Coffee Table,living-room wood metal
B07J1YW3YT,table,Lift-Top Storage Coffee Table,living-room modern wood
B072ZLCB3M,table,Bristol Natural Edge Side Table,living-room rustic wood metal
B074KKMQHB,table,Hourglass Marble Side Table,living-room bedroom modern metal
B07B4Y45RJ,table,Curved Hairpin Nightstand,bedroom mid-century
B075YV7SKC,table,Round Wood Dining Table,dining mid-century wood
B07B85FJDF,table,Hughes Farmhouse Dining Table,dining rustic wood
B07B7BJK89,table,Boundary Reclaimed Fir Dining Table,dining modern rustic wood
B07QGFS4JC,desk,Mid-Century Writing Desk,office mid-century wood
B082DFL4JW,desk,Avery Industrial Writing Desk,office rustic metal
B07B7DL3GX,desk,Casual Wood Computer Desk,office wood
B07R1JT4JL,desk,Retro Hairpin Compact Desk,office modern metal
B07B7DKRW4,desk,Anne French Farmhouse Desk,office rustic wood
B07QC8772Q,desk,Springdale Modern Desk,office bedroom modern
B075QGD5HS,bed,Gwyneth Velvet King Bed,bedroom mid-century velvet
B07B4Y45H5,bed,Fisher Rustic Wood King Bed,bedroom rustic wood
B07B4W31CX,bed,Industry French Metal Queen Bed,bedroom metal
B075QFCHM9,bed,York Platform Queen Bed,bedroom modern
B07HSL882C,bed,Rylee Acacia Wood King Bed,bedroom modern wood
B0853JGLT7,bed,Curved Upholstered Headboard,bedroom modern
B084MXWPF3,bed,Farmhouse Solid Wood Headboard,bedroom rustic wood
B075ZF4S39,storage,Barrett Reclaimed Wood Bookcase,living-room office rustic wood
B07PSZHDMW,storage,5-Tier Ladder Bookshelf,living-room office modern wood
B075ZBW1RR,storage,Larson Wood and Metal Bookcase,office rustic wood metal
B07B4SBZDV,storage,Jonathan Mid-Century Dresser,bedroom mid-century wood
B075YZPG5Y,storage,Eastport Industrial 7-Drawer Dresser,bedroom rustic wood
B071P9WJBT,storage,Parson 6-Drawer Dresser,bedroom wood
B07BVHKPFS,storage,Bowlyn Mid-Century Media Stand,living-room mid-century wood
B07QF9Y6XZ,storage,Fulton Rustic Media Cabinet,living-room rustic wood
B07B79WSKT,storage,Federal Sideboard Buffet,dining mid-century wood
B082JH6LSF,storage,Mid-Century 2-Drawer File Cabinet,office mid-century
B07HK85S41,lighting,Mid-Century Standing Floor Lamp,living-room mid-century metal
B0824F3TKT,lighting,Torchiere Floor Lamp with Reading Light,living-room bedroom metal
B07QB8LTSD,lighting,Vintage 3-Joint Floor Lamp,living-room office rustic metal
B07DT153M1,lighting,Farmhouse Wood Base Floor Lamp,living-room rustic wood
B0825CP3NS,lighting,Scandinavian Blond-Wood Table Lamp,bedroom modern wood
B07B4ZXKFQ,lighting,Art Deco Brass Table Lamp,bedroom living-room modern metal
B075X2FZSM,lighting,Curved Brass and Walnut Desk Lamp,office mid-century metal
B07DBHB6D4,lighting,Adjustable Pharmacy Desk Lamp,office metal
B07HK5LPC1,lighting,Tinted Glass Pendant Light,dining mid-century
B07B4YVDLQ,rug,Geometric Wool Area Rug,living-room modern
B071777YN3,rug,Blooming Medallion Rug,living-room mid-century
B07B4WKMB1,rug,Striated Jute Area Rug,living-room rustic
B0735XMSZ8,rug,Cooper Farmhouse Wool Rug,bedroom rustic
B07QGG3PVY,rug,Hand-Tufted Cotton and Wool Rug,bedroom modern
B072PXBV6W,rug,Leather and Metallic Lines Rug,living-room modern leather
B074VLST26,decor,Velvet Texture Throw Pillow,living-room bedroom velvet
B07BMQXWX1,decor,Buffalo Check Throw Pillow,bedroom rustic
B07QC8CC1V,decor,Two-Toned Stoneware Planter,living-room mid-century
B07QD5G1KC,decor,Rustic Textured Planter,living-room rustic
B073P6DSCR,decor,Abstract Topographic Print,office modern wood
